Training Data Size,Average Test MSE,Std Test MSE,Average Training Time (s)
0.2,21.735435343477164,0.4285484880341193,6.890549898147583
0.4,19.814475922768132,0.5111391301179542,11.582513666152954
0.6,17.19368196072033,0.8083863328199636,16.28248972892761
0.8,15.98303365021123,1.4416467519930254,20.926338052749635
0.999,14.350605643890134,1.8973747985926133,25.555492401123047
