Training Set Size,MSE,Standard Deviation
0.01,18.375472339057836,0.424644410522307
0.05,16.382461050149164,0.0586848697280193
0.1,15.45822848933561,0.0730441507078749
0.2,14.962612802941905,0.028169938380328892
0.4,14.625058236495525,0.02582811043217087
0.6,14.410491136320598,0.03363483424848439
0.8,14.285817843707036,0.020132165945053297
0.999,14.165132972604823,0.019371314439044496
