Training Set Size,MSE,Standard Deviation
0.01,115.0355430750212,23.806129637699613
0.05,100.44056265814545,17.15741805703342
0.1,94.74665257722556,18.96265918089244
0.2,107.15655430340232,14.304633714088204
0.4,109.39606530909946,19.305760159344313
0.6,110.89524065956341,24.55893367946949
0.8,105.93802119082393,16.874227321580445
0.999,105.20379792559035,15.814545678479957
