Training Set Size,MSE,Standard Deviation
0.01,82.67674763972846,40.620261112517404
0.05,55.17989167750885,25.161782904452497
0.1,90.84199255118064,47.38607222757073
0.2,68.92303972945692,34.43492010357337
0.4,75.99148242131051,34.46218729145987
0.6,84.90333436936245,46.117387458107174
0.8,71.42803774598583,38.281272144737706
0.999,116.43440095731997,65.92646007381475
