Training Set Size,MSE,Standard Deviation
0.01,121.3160071292444,27.601873254455587
0.05,122.03959069476977,21.28153955387985
0.1,158.9762214857969,11.361125001951542
0.2,143.22667045864227,8.61368685753144
0.4,121.53953936064936,10.59224713176346
0.6,117.66742672782762,19.29185851933989
0.8,157.24454021070838,32.08389554028757
0.999,136.75712859323497,30.223015225924428
