Training Set Size,MSE,Standard Deviation
0.01,1.2996186915396766,0.037032899563060995
0.05,1.2682850270036206,0.024156924445066317
0.1,1.384747899978959,0.032852815460436245
0.2,1.572097128703696,0.05197463345274443
0.4,1.966348278237724,0.02187128764025189
0.6,2.2806440413878426,0.027184138250118603
0.8,2.5916364822333704,0.029637196282995215
0.999,2.788021862095909,0.01899715642345308
