Training Set Size,MSE,Standard Deviation
0.01,47.1521103809266,2.29047421091941
0.05,42.47285914875035,1.1126208673332545
0.1,42.40504699876252,1.501864645043
0.2,43.418534387687465,2.000391416292293
0.4,46.29576262034012,2.6424968776026936
0.6,47.24697774623176,2.5832590354226346
0.8,44.80237540311761,2.515037554215725
0.999,47.95402716513303,2.8305991125623584
