Training Set Size,MSE,Standard Deviation
0.01,0.9476338102193047,0.013244936249739922
0.05,0.8324089017528753,0.03833120328742372
0.1,0.8547847178696462,0.030801516830966758
0.2,0.8522323367817426,0.04085076096597845
0.4,0.8387240334007103,0.01574047658984061
0.6,0.8724969593334835,0.051567558078846665
0.8,0.7785748050931274,0.03625763223703191
0.999,0.8761001465472631,0.05916284361213048
