Dataset Size (%),Mean RMSE,Std RMSE
1.0,3.247995177062579,0.020757150348731452
5.0,3.0117026686672146,0.012444495630565168
10.0,2.945750801298127,0.00589342072771019
20.0,2.9072840929661403,0.013778758110094012
40.0,2.8642073003893005,0.006078893269828464
60.0,2.8378475361414024,0.004259875091283457
80.0,2.8186687850335614,0.008866547193509107
99.9,2.7910644567457608,0.009654477677461299
