Training Data Size,Average Test MSE,Std Test MSE,Average Training Time (s)
0.2,11.299390655563467,0.040468982090165126,47.71139793395996
0.4,9.919532947002363,0.08027708757044988,89.16383395195007
0.6,9.352448164696694,0.16234972806379494,131.50027446746827
0.8,8.979033137121363,0.10046297610198655,175.2722604751587
0.9999,8.81695261234359,0.17525513313196794,218.414244222641
