Training Set Size,MSE,Standard Deviation
0.01,65.43097971195672,0.6218442053078845
0.05,64.90006945202614,0.2673064758629521
0.1,66.04038614711519,0.17475177464098512
0.2,67.11622957633014,0.2208838788094946
0.4,70.08496156409191,0.08272234055048915
0.6,72.48485084472841,0.5306039825263771
0.8,75.0738643540177,0.24500040931456563
0.999,75.99548029466702,0.27894471770273677
