Time to Predict (per molecule),Test RMSE,MSE 20%,MSE 40%,MSE 60%,MSE 80%,MSE 99%,Std 20%,Std 40%,Std 60%,Std 80%,Std 99%
0.14356557854169738,3.7513008874893563,14.962612802941905,14.625058236495525,14.410491136320598,14.285817843707036,14.165132972604823,0.028169938380328892,0.02582811043217087,0.03363483424848439,0.020132165945053297,0.019371314439044496
