Training Set Size,MSE,Standard Deviation
0.2,112.7543016138872,23.271480484659058
0.4,108.8835368491265,18.37385287809311
0.6,104.83412177237935,8.070146374558975
0.8,113.09176029535072,12.773799909590423
0.999,108.95111523375849,21.347057678382267
