Time to Predict (per molecule),Test RMSE,MSE 20%,MSE 40%,MSE 60%,MSE 80%,MSE 99%,Std 20%,Std 40%,Std 60%,Std 80%,Std 99%
0.002054489199755131,10.178063106740998,112.7543016138872,108.8835368491265,104.83412177237935,113.09176029535072,108.95111523375849,23.271480484659058,18.37385287809311,8.070146374558975,12.773799909590423,21.347057678382267
