Training Data Size,Average Test MSE,Std Test MSE,Average Training Time (s)
0.999,1.3406314007915243,0.022801039903148166,219.17101497650145
