Training Set Size,MSE,Standard Deviation
0.01,4.171748325963984,0.11966851028825193
0.05,1.8370699271508517,0.019003828176493338
0.1,1.4689276614700995,0.045199830959734795
0.2,1.1896074811960236,0.019969512569287442
0.4,1.0023514015170978,0.011039148202593843
0.6,0.9333268413627902,0.005888068514405788
0.8,0.8867175169727375,0.010366053877472352
0.999,0.864292414561232,0.007400697208433753
