Training Set Size,MSE,Standard Deviation
0.01,47.37279802018945,0.2679203232097885
0.05,45.01215905898708,0.6444063885263728
0.1,45.00480525983671,0.48641968387940776
0.2,44.6033346946626,0.46434514046470254
0.4,44.29855176844361,0.23101806593158283
0.6,44.23545143442403,0.32154653107095754
0.8,43.86138339514374,0.5045937085232355
0.999,44.51160255738357,0.4885948499609735
