Training Set Size,MSE,Standard Deviation
0.2,2.892000061228786,0.04601336423444429
0.4,2.386165562654007,0.03955758443509239
0.6,2.1299967772283064,0.012731903959950502
0.8,1.9697825473809663,0.009790950095459341
0.999,1.8472226437059553,0.01731262674509403
