Training Set Size,MSE,Standard Deviation
0.01,0.8774807836234892,0.010627304496883138
0.05,0.8476537489612976,0.012516477353319492
0.1,0.8546389583466759,0.013812020199018329
0.2,0.8404867210179189,0.011789272387071474
0.4,0.8586003213832951,0.007244862922596731
0.6,0.8445429795755736,0.006628915959962601
0.8,0.84178180465375,0.012602356015842987
0.999,0.8627199466285294,0.015125396990257013
