Training Set Size,MSE,Standard Deviation
0.01,7.2355587325891975,0.15095349394050536
0.05,4.419151410850228,0.11835269961024769
0.1,3.525334372335532,0.006853622482704741
0.2,2.8924570576385493,0.042455281446967516
0.4,2.386035580037382,0.04989555853346532
0.6,2.123067478487579,0.029264125875164353
0.8,1.9620019958580286,0.005010122143319268
0.999,1.843802038161644,0.013971683286284044
