Dataset Size (%),Mean RMSE,Std RMSE
20.0,2.9072840929661403,0.013778758110094012
40.0,2.8642073003893005,0.006078893269828464
60.0,2.8378475361414024,0.004259875091283457
80.0,2.8186687850335614,0.008866547193509107
99.99,2.7896086721372173,0.004758427952290781
